{"cameraMode":{"drawMode":0,"name":"Shaded","section":"Shading Mode"},"sceneLighting":true,"audioPlay":false,"sceneViewState":{"showFog":true,"showMaterialUpdate":false,"showSkybox":true,"showFlares":true,"showImageEffects":true,"showParticleSystems":true,"showVisualEffectGraphs":true,"m_FxEnabled":true},"in2DMode":false,"pivot":{"x":178.68197631835938,"y":446.136962890625,"z":-164.52572631835938},"rotation":{"x":0.12724335491657258,"y":0.27672192454338076,"z":-0.036822009831666949,"w":0.9520025253295898},"size":1662.2774658203125,"orthographic":false}