{"cameraMode":{"drawMode":0,"name":"Shaded","section":"Shading Mode"},"sceneLighting":true,"audioPlay":false,"sceneViewState":{"showFog":true,"showMaterialUpdate":false,"showSkybox":true,"showFlares":true,"showImageEffects":true,"showParticleSystems":true,"showVisualEffectGraphs":true,"m_FxEnabled":true},"in2DMode":false,"pivot":{"x":205.24844360351563,"y":-133.51226806640626,"z":149.61553955078126},"rotation":{"x":0.00047762738540768623,"y":-0.8067821264266968,"z":0.5911149978637695,"w":0.0011149953352287412},"size":431.6021423339844,"orthographic":false}