{"cameraMode":{"drawMode":0,"name":"Shaded","section":"Shading Mode"},"sceneLighting":false,"audioPlay":false,"sceneViewState":{"showFog":true,"showMaterialUpdate":false,"showSkybox":false,"showFlares":true,"showImageEffects":true,"showParticleSystems":true,"showVisualEffectGraphs":true,"m_FxEnabled":true},"in2DMode":false,"pivot":{"x":-0.317084401845932,"y":0.49281027913093569,"z":0.02256474643945694},"rotation":{"x":0.06723464280366898,"y":-0.7219007015228272,"z":0.07082802802324295,"w":0.6851546764373779},"size":0.6310122013092041,"orthographic":false}